sellername,nooflistings,lastactive
kuangpin.sg,49,Active 9 minutes ago
hiplshelp,2,Active 10 days ago
Crownsports Official Store,419,Active 5 hours ago
ACS Sports Official Store,12.6k,Active 14 minutes ago
LEFTFOOT SG,1k,Active 21 minutes ago
SneakersClinic,199,Active 13 minutes ago
SneakersClinic,199,Active 14 minutes ago
xuonggiaygiabuon123cl.sg,4,Active 4 hours ago
olissneakerdz.sg,35,Active 2 minutes ago
Yao_Sneakers_Overseas store,42,Active 13 hours ago
zaliezni.sg,65,Active 1 hour ago
Crownsports Official Store,419,Active 5 hours ago
ACS Sports Official Store,12.6k,Active 6 minutes ago
Casual Journeys,44,Active 3 hours ago
LEFTFOOT SG,1k,Active 32 minutes ago
tm_vith_y0,307,Active 13 minutes ago
LEFTFOOT SG,1k,Active 33 minutes ago
LEFTFOOT SG,1k,Active 14 minutes ago
Sport Saver Official Store,330,Active 5 hours ago
SneakersClinic,200,Active 6 hours ago
