name, socialNbFollowers, socialNbFollows, productsListed, daysSinceLastLogin, seniority
hiplshelp,61,80,2,Active 10 days ago,4 years ago
Crownsports Official Store,2.6k,1,421,Active 5 hours ago,4 years ago
ACS Sports Official Store,4.7k,1,12.6k,Active 7 minutes ago,4 years ago
LEFTFOOT SG,25.2k,1,1k,Active 9 minutes ago,4 years ago
SneakersClinic,3.3k,2,200,Active 26 minutes ago,8 years ago
SneakersClinic,3.3k,2,200,Active 27 minutes ago,8 years ago
xuonggiaygiabuon123cl.sg,235,1,4,Active 2 hours ago,18 months ago
olissneakerdz.sg,231,1,35,online,28 months ago
Yao_Sneakers_Overseas store,280,1,42,Active 2 days ago,19 months ago
zaliezni.sg,153,1,66,Active 1 hour ago,4 years ago
Crownsports Official Store,2.6k,1,421,Active 5 hours ago,4 years ago
ACS Sports Official Store,4.7k,1,12.6k,Active 5 minutes ago,4 years ago
Casual Journeys,88,11,44,Active 7 hours ago,4 years ago
LEFTFOOT SG,25.2k,1,1k,Active 8 minutes ago,4 years ago
tm_vith_y0,61,1,307,Active 7 minutes ago,9 months ago
LEFTFOOT SG,25.2k,1,1k,Active 8 minutes ago,4 years ago